alreadyAppliedOn,linkedColumn,hotJob,toReApply,addedToJobCart,contestNo,jobId,column,draft,locationsColumns
False,0,False,False,False,17000557,1178961,"Logistics Planner 4,[""United States-California-Palmdale""],Jan 6, 2017",False,[1]
False,0,False,False,False,17000529,1178873,"Manager, Systems Engineering 1,[""United States-California-San Diego""],Jan 6, 2017",False,[1]
False,0,False,False,False,17000191,1178543,"Financial Analyst 2,[""United States-Maryland-Middle River""],Jan 6, 2017",False,[1]
False,0,False,False,False,16026832,1171286,"Technical Publications Mgr (San Diego),[""United States-California-San Diego""],Jan 6, 2017",False,[1]
False,0,False,False,False,16018016,1159119,"Gearing Manufacturing Engineer 2,[""United States-California-Sunnyvale""],Jan 6, 2017",False,[1]
False,0,False,False,False,16025741,1169604,"Manager, Employee Assistance Program and Work/Life Solutions,[""Multiple Locations""],Jan 6, 2017",False,[1]
False,0,False,False,False,16030793,1178180,"Engineer Software 4 / DBA,[""United States-Colorado-Colorado Springs""],Jan 6, 2017",False,[1]
False,0,False,False,False,16028267,1173562,"Facilities Engineer 3 (Grand Sky, ND),[""United States-North Dakota-Emerado""],Jan 6, 2017",False,[1]
False,0,False,False,False,16029707,1175857,"Facilities Planner 3 (Palmdale, Redondo Beach & San Diego, CA and Melbourne, FL),[""Multiple Locations""],Jan 6, 2017",False,[1]
False,0,False,False,False,16017423,1158333,"Systems Engineer 5 - EOIR/RF,[""United States-Illinois-Rolling Meadows""],Jan 6, 2017",False,[1]
False,0,False,False,False,17000201,1178561,"Systems Engineering Manager Optical 3,[""United States-Maryland-Baltimore""],Jan 6, 2017",False,[1]
False,0,False,False,False,16029172,1175147,"Service Center Data Information Analyst,[""United States-Texas-Irving""],Jan 6, 2017",False,[1]
False,0,False,False,False,17000430,1178820,"Subcontracts Administrator 3,[""United States-California-San Diego""],Jan 6, 2017",False,[1]
False,0,False,False,False,17000276,1178613,"Engineer Quality 3/4,[""United States-Maryland-Linthicum""],Jan 6, 2017",False,[1]
False,0,False,False,False,17000205,1178548,"Field Technician 2,[""United States""],Jan 6, 2017",False,[1]
False,0,False,False,False,17000402,1178781,"Manager of Network Engineering,[""United States-Virginia-Fairfax""],Jan 6, 2017",False,[1]
False,0,False,False,False,17000172,1178465,"Project Management 5,[""United States-Maryland-Columbia""],Jan 6, 2017",False,[1]
False,0,False,False,False,17000373,1178723,"Quality Analyst 4,[""United States-Oklahoma-Oklahoma City""],Jan 6, 2017",False,[1]
False,0,False,False,False,17000121,1178388,"Mgr Supply Chain Planning 2,[""United States-Maryland-Baltimore""],Jan 6, 2017",False,[1]
False,0,False,False,False,16030401,1177089,"Subcontracts Administrator 2/3,[""Multiple Locations""],Jan 6, 2017",False,[1]
False,0,False,False,False,17000144,1178407,"Systems Engineer 3,[""United States-Oklahoma-Oklahoma City""],Jan 6, 2017",False,[1]
False,0,False,False,False,16017527,1158417,"Security Coordinator 4,[""Multiple Locations""],Jan 6, 2017",False,[1]
False,0,False,False,False,16024082,1167406,"Network Communications 3,[""United States-California-San Diego""],Jan 6, 2017",False,[1]
False,0,False,False,False,17000544,1178877,"Engineer Systems 4,[""United States-California-Redondo Beach""],Jan 5, 2017",False,[1]
False,0,False,False,False,17000354,1178662,"HR Business Partner 2 - Redondo Beach,[""United States-California-Redondo Beach""],Jan 5, 2017",False,[1]
False,0,False,False,False,17000355,1178680,"HR Business Partner 3 - Redondo Beach,[""United States-California-Redondo Beach""],Jan 5, 2017",False,[1]
False,0,False,False,False,16027418,1172284,"HR Business Partner 3 - Redondo Beach,[""Multiple Locations""],Jan 5, 2017",False,[1]
False,0,False,False,False,17000510,1178813,"Engineer Software 4,[""United States-California-San Diego""],Jan 5, 2017",False,[1]
False,0,True,False,False,16028551,1174074,"Section Manager, VMS Avionics Hardware,[""United States-California-San Diego""],Jan 5, 2017",False,[1]
False,0,False,False,False,17000147,1178396,"Program Cost Schedule & Control Analyst 2,[""United States-California-Sunnyvale""],Jan 5, 2017",False,[1]
False,0,False,False,False,17000444,1178737,"Manager, Systems Test Engineering 1,[""United States-California-San Diego""],Jan 5, 2017",False,[1]
False,0,False,False,False,17000382,1178765,"Subcontracts Administrator 2,[""United States-Illinois-Rolling Meadows""],Jan 5, 2017",False,[1]
False,0,False,False,False,17000125,1178364,"Quality Engineering Manager 3,[""United States-California-Palmdale""],Jan 5, 2017",False,[1]
False,0,False,False,False,16030281,1176827,"Mgr Information Technology,[""United States-California-Palmdale""],Jan 5, 2017",False,[1]
False,0,False,False,False,17000235,1178620,"Logistics Planner 3, Provisioning Analyst,[""United States-Florida-Melbourne""],Jan 5, 2017",False,[1]
False,0,False,False,False,17000149,1178447,"Project Management Analyst 2,[""United States-California-Sunnyvale""],Jan 5, 2017",False,[1]
False,0,False,False,False,17000141,1178446,"Manager Programs 3,[""United States-California-Sunnyvale""],Jan 5, 2017",False,[1]
False,0,False,False,False,17000145,1178405,"Manager Programs 2,[""United States-California-Sunnyvale""],Jan 5, 2017",False,[1]
False,0,False,False,False,16018610,1159867,"Gear Machinist,[""United States-California-Sunnyvale""],Jan 5, 2017",False,[1]
False,0,False,False,False,17000420,1178757,"Subcontracts Administrator 2 (San Diego, CA),[""United States-California-San Diego""],Jan 5, 2017",False,[1]
False,0,False,False,False,17000441,1178804,"Accountant 2,[""United States-California-El Segundo""],Jan 5, 2017",False,[1]
False,0,False,False,False,16030684,1177644,"Financial/Cost Control Analyst 3,[""Multiple Locations""],Jan 5, 2017",False,[1]
False,0,False,False,False,16030683,1177660,"Financial Analyst 2,[""Multiple Locations""],Jan 5, 2017",False,[1]
False,0,False,False,False,17000479,1178863,"Precision Electromech Asmblr 2,[""United States-California-Carpinteria""],Jan 5, 2017",False,[1]
False,0,False,False,False,17000475,1178845,"Precision Electromech Asmblr 3,[""United States-California-Carpinteria""],Jan 5, 2017",False,[1]
False,0,False,False,False,17000277,1178640,"Aircraft Wiring Tech 2,[""United States-Virginia-Norfolk""],Jan 5, 2017",False,[1]
False,0,False,False,False,17000269,1178629,"Mgr Industrial Engineering 2,[""United States-Florida-Saint Augustine""],Jan 5, 2017",False,[1]
False,0,False,False,False,17000294,1178638,"Service Integration Architect,[""United States-Colorado-Aurora""],Jan 5, 2017",False,[1]
False,0,False,False,False,16029376,1175473,"Manager Programs 2,[""United States-Pennsylvania-Philadelphia""],Jan 5, 2017",False,[1]
False,0,False,False,False,16030521,1177310,"CDIC / Grand Sky Lab Manager 2 (Section Manager),[""United States-North Dakota-Grand Forks AFB""],Jan 5, 2017",False,[1]
False,0,False,False,False,17000298,1178618,"Service Integration Architect - OCONUS,[""United States-x-International-International Posting""],Jan 5, 2017",False,[1]
False,0,False,False,False,17000436,1178792,"Integrated Service Desk Tech 3-16020,[""United States-Alabama-Redstone Arsenal""],Jan 5, 2017",False,[1]
False,0,False,False,False,17000357,1178700,"Cable/Furniture Installation Tech 3- 16008,[""United States-Alabama-Redstone Arsenal""],Jan 5, 2017",False,[1]
False,0,False,False,False,16030738,1177761,"C-RAM Operators, MOS 14 Series, Iraq, Egypt, Afghanistan,[""Multiple Locations""],Jan 5, 2017",False,[1]
False,0,False,False,False,16029646,1175880,"Technical  Writer , TS SCI - Cambridgeshire , England,[""Multiple Locations""],Jan 5, 2017",False,[1]
False,0,False,False,False,16029978,1176426,"Financial/Cost Control Analyst 4,[""United States-Alabama-Huntsville""],Jan 5, 2017",False,[1]
False,0,False,False,False,17000199,1178545,"Mission Assurance Manager 3,[""United States-Virginia-Herndon""],Jan 5, 2017",False,[1]
False,0,False,False,False,16029257,1175321,"Security Instillation - Inspections , plans , crime prevention - UAE Abu Dhabi AF Base,[""Multiple Locations""],Jan 5, 2017",False,[1]
False,0,False,False,False,16030685,1177645,"Mgr Programs 3,[""United States-Colorado-Boulder""],Jan 5, 2017",False,[1]
False,0,False,False,False,16029205,1175186,"Engineer Software 3/4,[""Multiple Locations""],Jan 5, 2017",False,[1]
False,0,False,False,False,16029201,1175226,"Engineer Systems 3/4,[""Multiple Locations""],Jan 5, 2017",False,[1]
False,0,False,False,False,17000356,1178681,"Business Process Analyst 4,[""United States-Virginia-Springfield""],Jan 5, 2017",False,[1]
False,0,False,False,False,16025232,1169004,"Mgr Mfg Engineering 2,[""United States-California-El Segundo""],Jan 5, 2017",False,[1]
False,0,False,False,False,16030261,1176735,"Conference Events Rep 4 (San Diego, CA),[""United States-California-San Diego""],Jan 5, 2017",False,[1]
False,0,True,False,False,16029705,1175879,"Legal Administrative Assistant 4,[""United States-Virginia-Falls Church""],Jan 5, 2017",False,[1]
False,0,False,False,False,16027607,1172514,"Mgr Systems Engineering 2,[""United States-Colorado-Schriever AFB""],Jan 5, 2017",False,[1]
False,0,False,False,False,17000439,1178822,"Senior Radar Integration Engineer 4,[""United States-California-San Diego""],Jan 5, 2017",False,[1]
False,0,False,False,False,16021957,1164446,"System Security Engineering - Engineer Systems 5,[""United States-Maryland-Linthicum""],Jan 5, 2017",False,[1]
False,0,False,False,False,17000164,1178413,"Operations Project Manager 3,[""United States-Alabama-Madison""],Jan 5, 2017",False,[1]
False,0,False,False,False,17000425,1178801,"Software Test Engineer 2/3,[""United States-California-San Diego""],Jan 5, 2017",False,[1]
False,0,False,False,False,17000418,1178787,"Engineer Embedded Software 2 or 3,[""United States-California-San Diego""],Jan 5, 2017",False,[1]
False,0,False,False,False,16030530,1177313,"Chief Systems Engineer - Engineer Systems 6,[""United States-Colorado-Aurora""],Jan 5, 2017",False,[1]
False,0,False,False,False,16030536,1177314,"Digital Power Control Engineer 3/4,[""United States-Illinois-Rolling Meadows""],Jan 5, 2017",False,[1]
False,0,False,False,False,16030102,1176621,"Systems Engineer 2,[""United States-Maryland-Linthicum""],Jan 5, 2017",False,[1]
False,0,False,False,False,17000158,1178410,"Contract Administrator 4,[""United States-Maryland-Linthicum""],Jan 5, 2017",False,[1]
False,0,False,False,False,16030504,1177327,"Manager 2, Material Planning Control,[""United States-Illinois-Rolling Meadows""],Jan 5, 2017",False,[1]
False,0,False,False,False,17000352,1178647,"Systems Test Engineer 4,[""United States-California-Palmdale""],Jan 5, 2017",False,[1]
False,0,False,False,False,16021381,1163647,"AEHF Offsite Integration and Test Manager 3,[""United States-California-Sunnyvale""],Jan 5, 2017",False,[1]
False,0,False,False,False,16022275,1164911,"Mgr Engineering 2,[""United States-Florida-Melbourne""],Jan 5, 2017",False,[1]
False,0,False,False,False,17000374,1178762,"Support Equipment Engineer 3,[""United States-Florida-Melbourne""],Jan 5, 2017",False,[1]
False,0,False,False,False,17000371,1178761,"Support Equipment Engineer 3,[""United States-Florida-Melbourne""],Jan 5, 2017",False,[1]
False,0,False,False,False,17000375,1178724,"Support Equipment Design Engineer 3,[""United States-Florida-Melbourne""],Jan 5, 2017",False,[1]
False,0,False,False,False,16030756,1177820,"Director 1 - Business Management,[""United States-Maryland-Annapolis Junction""],Jan 5, 2017",False,[1]
False,0,False,False,False,17000389,1178768,"Simulation Software Development Engineer 3,[""United States-Florida-Melbourne""],Jan 5, 2017",False,[1]
False,0,False,False,False,17000266,1178612,"Laser Technician 3,[""United States-Missouri-Saint Charles""],Jan 5, 2017",False,[1]
False,0,False,False,False,17000390,1178769,"Computer Systems Analyst 2,[""United States-Florida-Melbourne""],Jan 5, 2017",False,[1]
False,0,False,False,False,17000378,1178726,"SCHEDULER/Planning Analyst 1,[""United States-Illinois-Rolling Meadows""],Jan 5, 2017",False,[1]
False,0,False,False,False,16029969,1176421,"Help Desk Technical Support 2,[""United States-Florida-Orlando""],Jan 5, 2017",False,[1]
False,0,False,False,False,16030688,1177663,"Subcontracts Administrator 3,[""United States-California-San Diego""],Jan 5, 2017",False,[1]
False,0,False,False,False,16025821,1169702,"Chief Engineer, Ground Segment (Director1),[""United States-California-San Diego""],Jan 5, 2017",False,[1]
False,0,False,False,False,16030478,1177320,"Logistics Management Analyst 4,[""United States-Illinois-Scott AFB""],Jan 5, 2017",False,[1]
False,0,False,False,False,17000268,1178631,"Manager -  Business Development 3 - Department of Homeland Security,[""United States-Virginia-McLean""],Jan 5, 2017",False,[1]
False,0,False,False,False,17000204,1178562,"Engineering Manager 2 (Launcher Systems Test ),[""United States-California-Sunnyvale""],Jan 5, 2017",False,[1]
False,0,False,False,False,16030583,1177425,"Director of Corporate Accounting,[""United States-Virginia-Falls Church""],Jan 5, 2017",False,[1]
False,0,False,False,False,17000226,1178601,"ASIC Design Engineer 5,[""United States-Maryland-Linthicum""],Jan 5, 2017",False,[1]
False,0,False,False,False,17000190,1178525,"Behavioral Res Scientist 2,[""United States-Georgia-Columbus""],Jan 5, 2017",False,[1]
False,0,False,False,False,16030809,1178223,"RedHat Linux System Administrator- Health IT,[""United States-Maryland-Woodlawn""],Jan 5, 2017",False,[1]
False,0,False,False,False,17000369,1178740,"SQL Database Developer-,[""United States-District of Columbia-Washington""],Jan 5, 2017",False,[1]
False,0,False,False,False,16030548,1177360,"Quality Inspector,[""United States-Illinois-Rolling Meadows""],Jan 5, 2017",False,[1]
False,0,False,False,False,16027721,1172704,"Capture Manager 3 - TS/SCI required.,[""United States-Virginia-Fairfax""],Jan 5, 2017",False,[1]
False,0,False,False,False,16027722,1172743,"Proposals Manager 2,[""United States-Virginia-Fairfax""],Jan 5, 2017",False,[1]
False,0,False,False,False,17000122,1178391,"CPSO / Industrial Security Analyst 2,[""United States-Maryland-Linthicum""],Jan 5, 2017",False,[1]
False,0,False,False,False,17000114,1178387,"CPSO / Industrial Security Analyst 3,[""United States-Maryland-Linthicum""],Jan 5, 2017",False,[1]
False,0,False,False,False,17000214,1178552,"Administrative Assistant 3,[""United States-Florida-Saint Augustine""],Jan 5, 2017",False,[1]
False,0,False,False,False,16030640,1177541,"GUI Developer 3,[""United States-Pennsylvania-Canonsburg""],Jan 5, 2017",False,[1]
False,0,False,False,False,17000103,1178360,"Program Cost and Control Analyst 3,[""United States-Georgia-Warner Robins""],Jan 5, 2017",False,[1]
False,0,False,False,False,17000248,1178590,".Net Developer-,[""United States-District of Columbia-Washington""],Jan 5, 2017",False,[1]
False,0,False,False,False,17000232,1178603,"Information Systems/Test Engineer 1,[""United States-Virginia-McLean""],Jan 5, 2017",False,[1]
False,0,False,False,False,17000240,1178606,"Geospatial/GIS Analyst 3/4,[""United States-Virginia-Arlington""],Jan 5, 2017",False,[1]
False,0,False,False,False,16030588,1177463,"Maintenance Janitor - Top Secret Clearance,[""United States-California-Ventura""],Jan 5, 2017",False,[1]
False,0,False,False,False,17000259,1178575,"Logistics Management Analyst 2,[""United States-Illinois-Rolling Meadows""],Jan 5, 2017",False,[1]
False,0,False,False,False,16022479,1165205,"2017 Intern - Technical,[""United States-Virginia-Fairfax""],Jan 5, 2017",False,[1]
False,0,False,False,False,17000367,1178720,"Summer Intern - Safety Engineer,[""United States-North Carolina-Charlotte""],Jan 5, 2017",False,[1]
False,0,False,False,False,17000220,1178554,"Test Analyst 3,[""United States-Maryland-Landover""],Jan 5, 2017",False,[1]
False,0,False,False,False,16030764,1177901,"HVAC Mechanical Engineer,[""United States-Florida-Tyndall AFB""],Jan 5, 2017",False,[1]
False,0,False,False,False,16021502,1163966,"Solid State Technician C,[""United States-Maryland-Baltimore""],Jan 5, 2017",False,[1]
False,0,False,False,False,16029893,1176302,"Ceramic Material & Process Specialist,[""United States-Maryland-Baltimore""],Jan 5, 2017",False,[1]
False,0,False,False,False,16024666,1168251,"Mission Assurance Engineer 3,[""United States-California-Azusa""],Jan 5, 2017",False,[1]
False,0,False,False,False,16030472,1177224,"User Applications Liaison 2,[""United States-Louisiana-Lake Charles""],Jan 4, 2017",False,[1]
False,0,False,False,False,17000166,1178376,"Cloud Automation Engineer 4-16058,[""Multiple Locations""],Jan 4, 2017",False,[1]
False,0,False,False,False,16027739,1172731,"PC Network Support Tech 4 (Top Secret),[""United States-California-Palmdale""],Jan 4, 2017",False,[1]
False,0,False,False,False,16030282,1176860,"Mgr Engineering 1,[""United States-California-San Diego""],Jan 4, 2017",False,[1]
False,0,False,False,False,16030795,1178162,"2017 College Intern Technical - Software & Electrical Engineer (Sacramento),[""United States-California-McClellan""],Jan 4, 2017",False,[1]
False,0,False,False,False,17000173,1178466,"Stock Clerk 2,[""United States-California-San Diego""],Jan 4, 2017",False,[1]
False,0,False,False,False,16023169,1166106,"Site Director 1, Global Combat Support System - Army,[""United States-Virginia-Richmond""],Jan 4, 2017",False,[1]
False,0,False,False,False,16030597,1177431,"Production Test Technician,[""United States-California-San Diego""],Jan 4, 2017",False,[1]
False,0,False,False,False,16023095,1166064,"Engineer Systems 3,[""United States-California-Azusa""],Jan 4, 2017",False,[1]
False,0,False,False,False,16030715,1177611,"Manager 3 -SOX GITC Manager,[""United States-Virginia-Falls Church""],Jan 4, 2017",False,[1]
False,0,False,False,False,16027178,1171860,"Pension Administration Analyst 2/3,[""United States-Virginia-Falls Church""],Jan 4, 2017",False,[1]
False,0,False,False,False,16024681,1168300,"Facilities Maintenance Manager 2 (Saint Augustine, FL),[""United States-Florida-Saint Augustine""],Jan 4, 2017",False,[1]
False,0,False,False,False,17000234,1178589,"Systems Engineer 2-15612,[""Multiple Locations""],Jan 4, 2017",False,[1]
False,0,False,False,False,17000250,1178572,"Computer Sys Security Anlyst 3 / 4,[""United States-Nevada-Nellis AFB""],Jan 4, 2017",False,[1]
False,0,False,False,False,17000154,1178409,"Computer Systems Security Analyst 2,[""United States-Maryland-Linthicum""],Jan 4, 2017",False,[1]
False,0,False,False,False,17000165,1178461,"Computer Systems Security Analyst 3,[""United States-Maryland-Linthicum""],Jan 4, 2017",False,[1]
False,0,False,False,False,17000153,1178373,"Computer Systems Security Analyst 2,[""United States-Maryland-Linthicum""],Jan 4, 2017",False,[1]
False,0,False,False,False,17000167,1178481,"Computer Systems Security Analyst 3,[""United States-Maryland-Linthicum""],Jan 4, 2017",False,[1]
False,0,False,False,False,16030643,1177514,"Information Systems Security Officer 3/4,[""United States-Oklahoma-Tinker AFB""],Jan 4, 2017",False,[1]
False,0,False,False,False,17000206,1178549,"SATCOM Engineer Comm Systems 3 / 4,[""United States-Florida-Melbourne""],Jan 4, 2017",False,[1]
False,0,False,False,False,17000187,1178522,"Project Engineer 5,[""United States-Ohio-Cincinnati""],Jan 4, 2017",False,[1]
False,0,False,False,False,16029815,1176074,"Production Planner 3,[""United States-Louisiana-Lake Charles""],Jan 4, 2017",False,[1]
False,0,False,False,False,16022422,1165130,"Engineer Electrical 4,[""United States-Arizona-Sierra Vista""],Jan 4, 2017",False,[1]
False,0,False,False,False,16030716,1177612,"Dir Strategic Planning 1,[""United States-Maryland-Annapolis Junction""],Jan 4, 2017",False,[1]
False,0,False,False,False,17000123,1178363,"SCA Supply Technician,[""United States-Nevada-Las Vegas""],Jan 4, 2017",False,[1]
False,0,False,False,False,17000128,1178403,"SCA Aircraft Mechanic 3 / Quality Inspector,[""United States-Nevada-Las Vegas""],Jan 4, 2017",False,[1]
False,0,False,False,False,17000148,1178397,"Aircraft Painter 4,[""United States-California-Edwards AFB""],Jan 4, 2017",False,[1]
False,0,False,False,False,17000151,1178448,"Aircraft Low Observ Mech 4,[""United States-California-Edwards AFB""],Jan 4, 2017",False,[1]
False,0,False,False,False,17000262,1178595,"Tool Crib Attendant 2,[""United States-California-Edwards AFB""],Jan 4, 2017",False,[1]
False,0,False,False,False,16030201,1176723,"Project Management 4,[""United States-Maryland-Annapolis""],Jan 4, 2017",False,[1]
False,0,False,False,False,16028005,1173241,"Mgr Project Management 1,[""United States-California-Palmdale""],Jan 4, 2017",False,[1]
False,0,False,False,False,16029287,1175404,"USSOCOM JNTC LNO,[""United States-Florida-Tampa""],Jan 4, 2017",False,[1]
False,0,False,False,False,16029452,1175567,"Engineering Manager (Specifications),[""United States-Kansas-Topeka""],Jan 4, 2017",False,[1]
False,0,False,False,False,17000241,1178608,"Computer Operator - 16081,[""United States-Colorado-Colorado Springs""],Jan 4, 2017",False,[1]
False,0,False,False,False,16030415,1177145,"Subcontract Administrator 2/3,[""Multiple Locations""],Jan 4, 2017",False,[1]
False,0,False,False,False,16030678,1177601,"Computer System Security Analyst 2/3,[""United States-Alabama-Huntsville""],Jan 4, 2017",False,[1]
False,0,False,False,False,16029262,1175381,"Software Engineer 2/3 - TS/SCI,[""United States-Virginia-Fairfax""],Jan 4, 2017",False,[1]
False,0,False,False,False,16030454,1177152,"Software Engineer 3 or 4,[""United States-California-San Diego""],Jan 4, 2017",False,[1]
False,0,False,False,False,17000244,1178623,"Supportability Engineer 2,[""United States-Florida-Melbourne""],Jan 4, 2017",False,[1]
False,0,False,False,False,17000229,1178588,"Technical Editor and Writer 4,[""United States-New York-Bethpage""],Jan 4, 2017",False,[1]
False,0,False,False,False,16030265,1176822,"Program Cost Schedule and Control Analyst 2,[""United States-California-San Diego""],Jan 4, 2017",False,[1]
False,0,False,False,False,16027917,1173109,"Manager, Program Planning 3,[""United States-California-Redondo Beach""],Jan 4, 2017",False,[1]
False,0,False,False,False,16012674,1151833,"Supportability Engineer 2,[""United States-Florida-Melbourne""],Jan 4, 2017",False,[1]
False,0,False,False,False,16023111,1166033,"Engineering Manager I - Edwards AFB,[""United States-California-Edwards AFB""],Jan 4, 2017",False,[1]
False,0,False,False,False,17000211,1178551,"Engineer Guidance Navigation and Control 3 in Emerado, ND,[""United States-North Dakota-Emerado""],Jan 4, 2017",False,[1]
False,0,False,False,False,16030805,1178222,"Manager, Computer System Security/Information Assurance,[""United States-Virginia-Fairfax""],Jan 4, 2017",False,[1]
False,0,False,False,False,16025392,1169170,"Product Trainer 2/3,[""United States-Colorado-Boulder""],Jan 4, 2017",False,[1]
False,0,False,False,False,16030741,1177742,"Cash Management Analyst 2,[""United States-Ohio-Columbus""],Jan 4, 2017",False,[1]
False,0,False,False,False,16030534,1177337,"Administrative Assistant 4,[""United States-Colorado-Aurora""],Jan 4, 2017",False,[1]
False,0,False,False,False,16021321,1163571,"Cyber Software Test Engineer 1,[""United States-Maryland-Annapolis Junction""],Jan 4, 2017",False,[1]
False,0,False,False,False,16020324,1162286,"Cyber Software Test Engineer 4,[""United States-Maryland-Annapolis Junction""],Jan 4, 2017",False,[1]
False,0,False,False,False,16026753,1171171,"Organizational Development Representative (Organizational Change Management) 2/3,[""Multiple Locations""],Jan 4, 2017",False,[1]
False,0,False,False,False,16028923,1174755,"Engineer 5,[""United States-Ohio-Beavercreek""],Jan 4, 2017",False,[1]
False,0,False,False,False,17000133,1178366,"Computer Systems Analyst,[""United States-x-Unspecified-Virtual Posting""],Jan 4, 2017",False,[1]
False,0,False,False,False,16030774,1178021,"Computer Operator 2/3,[""United States-New Mexico-Albuquerque""],Jan 4, 2017",False,[1]
False,0,False,False,False,16030299,1176904,"Property Control Support 4,[""United States-x-Unspecified-Virtual Posting""],Jan 4, 2017",False,[1]
False,0,False,False,False,16024595,1168192,"Project Integrator 4 (San Diego, CA),[""United States-California-San Diego""],Jan 4, 2017",False,[1]
False,0,False,False,False,17000181,1178415,"Database Administrator 4,[""United States-Alabama-Montgomery""],Jan 3, 2017",False,[1]
False,0,False,False,False,16029895,1176271,"Facilities Estimator 3 (Melbourne & St Augustine, FL, Palmdale & San Diego, CA),[""Multiple Locations""],Jan 3, 2017",False,[1]
False,0,False,False,False,16029176,1175164,"Fuel Systems Operations 3 Second Shift (Palmdale, CA),[""United States-California-Palmdale""],Jan 3, 2017",False,[1]
False,0,False,False,False,16021903,1164370,"Health and Safety Analyst 4 (Redondo Beach, CA),[""United States-California-Redondo Beach""],Jan 3, 2017",False,[1]
False,0,False,False,False,16024763,1168391,"Facilities Rep 3 (Palmdale & Redondo Beach, CA and Melbourne,FL),[""Multiple Locations""],Jan 3, 2017",False,[1]
False,0,False,False,False,16024748,1168356,"Facilities Engineer 3 (Palmdale, Redondo Beach & San Diego, CA and Melbourne & St. Augustine, FL),[""Multiple Locations""],Jan 3, 2017",False,[1]
False,0,False,False,False,16022532,1165190,"Employee Health Nurse 3 (El Segundo or Redondo Beach, CA),[""Multiple Locations""],Jan 3, 2017",False,[1]
False,0,False,False,False,16029954,1176317,"Industrial Engineer 3 - Scheduling, Systems & Integration  (El Segundo, CA),[""United States-California-El Segundo""],Jan 3, 2017",False,[1]
False,0,False,False,False,16029264,1175382,"Project Specialist 4 (San Diego, CA),[""United States-California-San Diego""],Jan 3, 2017",False,[1]
False,0,False,False,False,16019463,1161010,"Infrastructure/Central Plant Engineer 4 (Palmdale, CA),[""United States-California-Palmdale""],Jan 3, 2017",False,[1]
False,0,False,False,False,16030032,1176464,"Security Coordinator 3 - Melbourne, FL,[""United States-Florida-Melbourne""],Jan 3, 2017",False,[1]
False,0,False,False,False,16029311,1175410,"Material Planning Control Analyst 2,[""United States-California-Sacramento""],Jan 3, 2017",False,[1]
False,0,False,False,False,17000107,1178382,"Electronic Technician 2,[""United States-Virginia-Norfolk""],Jan 3, 2017",False,[1]
False,0,False,False,False,17000106,1178400,"Field Technician 2,[""United States-Virginia-NAS Norfolk""],Jan 3, 2017",False,[1]
False,0,False,False,False,16030606,1177434,"Computer Systems Security Analyst 3,[""United States-California-Redondo Beach""],Jan 3, 2017",False,[1]
False,0,False,False,False,16030594,1177428,"Computer Systems Security Analyst 2,[""United States-California-Redondo Beach""],Jan 3, 2017",False,[1]
False,0,False,False,False,16030721,1177656,"Mgr Programs 3,[""United States-Ohio-Cincinnati""],Jan 3, 2017",False,[1]
False,0,False,False,False,16030600,1177433,"Computer Systems Security Analyst 3,[""United States-California-Redondo Beach""],Jan 3, 2017",False,[1]
False,0,False,False,False,16030603,1177449,"Computer Systems Security Analyst 3,[""United States-California-Redondo Beach""],Jan 3, 2017",False,[1]
False,0,False,False,False,16030610,1177452,"Computer Systems Security Analyst 4,[""United States-California-Redondo Beach""],Jan 3, 2017",False,[1]
False,0,True,False,False,16023223,1166184,"Experienced Opto Mechanical Engineer,[""United States-Massachusetts-Devens""],Jan 3, 2017",False,[1]
False,0,False,False,False,16029402,1175505,"Mgr IS Administration 1,[""Multiple Locations""],Jan 3, 2017",False,[1]
False,0,True,False,False,16017276,1158114,"Program Manager -- Adaptive Optics Focus,[""United States-Massachusetts-Devens""],Jan 3, 2017",False,[1]
False,0,False,False,False,16029897,1176289,"Software Engineer 2/3,[""United States-Alabama-Huntsville""],Jan 3, 2017",False,[1]
False,0,False,False,False,16030733,1177740,"Cyber Security Project Manager 1- Health IT,[""United States-Maryland-Woodlawn""],Jan 3, 2017",False,[1]
False,0,False,False,False,16029936,1176364,"Software Engineer 3/4,[""United States-Alabama-Huntsville""],Jan 3, 2017",False,[1]
False,0,False,False,False,16029903,1176304,"Software Engineer 3/4,[""United States-Alabama-Huntsville""],Jan 3, 2017",False,[1]
False,0,False,False,False,16025368,1169185,"SATCOM Program Manager,[""United States-Maryland-Aberdeen""],Jan 3, 2017",False,[1]
False,0,False,False,False,17000120,1178361,"Logistics/Administrative Support 3,[""United States-Florida-Tampa""],Jan 3, 2017",False,[1]
False,0,False,False,False,17000155,1178399,"Security Coordinator 3,[""United States-Colorado-Colorado Springs""],Jan 3, 2017",False,[1]
False,0,False,False,False,16030785,1178061,"Software Development Analyst 2,[""United States-California-Palmdale""],Jan 3, 2017",False,[1]
False,0,False,False,False,16026463,1170712,"Subcontracts Administrator 3,[""United States-Oklahoma-Oklahoma City""],Jan 3, 2017",False,[1]
False,0,False,False,False,16023248,1166226,"Security Coordinator 2,[""United States-Alabama-Huntsville""],Jan 3, 2017",False,[1]
False,0,True,False,False,16027484,1172333,"Manager 2; Signal Conversion Design, Hardware Engineering,[""United States-Maryland-Baltimore""],Jan 3, 2017",False,[1]
False,0,False,False,False,16029860,1176202,"Financial Analyst 2 - Enterprise Services Business Mgt Reporting,[""United States-Virginia-Falls Church""],Jan 3, 2017",False,[1]
False,0,False,False,False,16030784,1178060,"Logistics Planner 3,[""United States-California-Edwards AFB""],Jan 3, 2017",False,[1]
False,0,False,False,False,16030783,1178046,"Pilot Unmanned Aerial Veh 3,[""United States-Virginia-Falls Church""],Jan 3, 2017",False,[1]
False,0,False,False,False,16030782,1178045,"Software Development Analyst 3,[""United States-California-Palmdale""],Jan 3, 2017",False,[1]
False,0,False,False,False,16028130,1173366,"Mechanical Engineer - All Levels,[""United States-Illinois-Rolling Meadows""],Jan 3, 2017",False,[1]
False,0,False,False,False,16030781,1178044,"Pilot Unmanned Aerial Veh 4,[""United States-Virginia-Falls Church""],Jan 3, 2017",False,[1]
False,0,False,False,False,16030780,1178043,"GSE Mechanic 2,[""United States-California-Edwards AFB""],Jan 3, 2017",False,[1]
False,0,False,False,False,16025980,1169976,"Driver Heavy Vehicles 2- Active secret clearance,[""United States-California-Palmdale""],Jan 3, 2017",False,[1]
False,0,False,False,False,16030779,1178042,"Network Communications 4,[""United States-Virginia-Falls Church""],Jan 3, 2017",False,[1]
False,0,False,False,False,16030778,1178041,"Aircraft Mechanic 3,[""United States-California-Edwards AFB""],Jan 3, 2017",False,[1]
False,0,False,False,False,17000105,1178380,"Tool Crib Attendant 3,[""United States-California-Edwards AFB""],Jan 3, 2017",False,[1]
False,0,False,False,False,16024564,1168142,"Technical Writer III,[""United States-Florida-Melbourne""],Jan 3, 2017",False,[1]
False,0,False,False,False,16030777,1178040,"Lead Aircraft Inspector 4,[""United States-California-Edwards AFB""],Jan 3, 2017",False,[1]
False,0,False,False,False,16030520,1177309,"Help Desk Technical Support 1,[""United States-Texas-Irving""],Jan 3, 2017",False,[1]
False,0,False,False,False,16030523,1177272,"Help Desk Technical Support 1,[""United States-Virginia-Lebanon""],Jan 3, 2017",False,[1]
False,0,False,False,False,16030776,1178023,"Network Communications 4,[""United States-California-Edwards AFB""],Jan 3, 2017",False,[1]
False,0,False,False,False,16030704,1177669,"Financial Analyst 4,[""United States-California-San Diego""],Jan 3, 2017",False,[1]
False,0,False,False,False,16018737,1160099,"Test Engineer 2,[""United States-Nebraska-Offutt AFB""],Jan 3, 2017",False,[1]
False,0,False,False,False,16029442,1175580,"SATCOM Programmer Analyst 3,[""United States-Maryland-Aberdeen""],Jan 3, 2017",False,[1]
False,0,False,False,False,16030739,1177723,"CWIS (Close In Weapon SystemP - Phalanx FCs needed for CRAM Operator,[""Multiple Locations""],Jan 3, 2017",False,[1]
False,0,False,False,False,16030737,1177780,"C-RAM [ Operator ] Air Defense Iraq Egypt Afghanistan,[""Multiple Locations""],Jan 3, 2017",False,[1]
False,0,False,False,False,16029324,1175377,"SATCOM Mgr Programs 1,[""United States-Maryland-Aberdeen""],Jan 3, 2017",False,[1]
False,0,False,False,False,16029510,1175669,"SATCOM Engineer Software 4,[""United States-Maryland-Aberdeen""],Jan 3, 2017",False,[1]
False,0,False,False,False,16029709,1175898,"ARBiz Budget Analyst - Journeyman (SEC EISD),[""United States-Virginia-Fort Lee""],Jan 3, 2017",False,[1]
False,0,False,False,False,16029715,1175921,"ARBiz Business Analyst - Journeyman (ABCAS),[""United States-Virginia-Fort Lee""],Jan 3, 2017",False,[1]
False,0,False,False,False,16029554,1175698,"SATCOM Engineer Systems 3,[""United States-Maryland-Aberdeen""],Jan 3, 2017",False,[1]
False,0,False,False,False,16030113,1176625,"Logistics Management Analyst 1,[""United States-Illinois-Rolling Meadows""],Jan 3, 2017",False,[1]
False,0,False,False,False,16029511,1175646,"SATCOM Engineer Test 4,[""United States-Maryland-Aberdeen""],Jan 3, 2017",False,[1]
False,0,False,False,False,16029798,1176030,"ARBiz Business Analyst - Intermediate (Surge),[""United States-Virginia-Fort Lee""],Jan 3, 2017",False,[1]
False,0,False,False,False,16030218,1176748,"Manager of Engineering Operations 3,[""United States-Maryland-Baltimore""],Jan 3, 2017",False,[1]
False,0,False,False,False,16030585,1177445,"Manufacturing Analyst 2,[""United States-California-San Diego""],Jan 3, 2017",False,[1]
False,0,False,False,False,16030602,1177467,"Industrial Engineering Manager 3,[""United States-California-Palmdale""],Jan 3, 2017",False,[1]
False,0,False,False,False,16030230,1176766,"Systems Engineer 4,[""United States-California-San Diego""],Jan 3, 2017",False,[1]
False,0,False,False,False,16030537,1177276,"Human Resources Assistant 4 Survey Specialist,[""United States-Virginia-Falls Church""],Jan 3, 2017",False,[1]
False,0,False,False,False,16030613,1177436,"Organizational Research Scientist 3/4,[""United States-Virginia-Falls Church""],Jan 3, 2017",False,[1]
False,0,False,False,False,16030646,1177545,"Project Management 2,[""United States-Virginia-McLean""],Jan 3, 2017",False,[1]
False,0,False,False,False,16030770,1177982,"Executive Support Engineer 2-16074,[""United States-Colorado-Schriever AFB""],Jan 3, 2017",False,[1]
False,0,False,False,False,16030811,1178281,"Scrum Master: Software Engineer 3 or 4,[""United States-Nebraska-Offutt AFB""],Jan 3, 2017",False,[1]
False,0,False,False,False,16030579,1177441,"Windows-Systems Admininstrator 3,[""United States-Nebraska-Offutt AFB""],Jan 3, 2017",False,[1]
False,0,False,False,False,16030614,1177437,"Corporate Counsel - Export/ Import,[""United States-Virginia-Falls Church""],Jan 3, 2017",False,[1]
False,0,False,False,False,16030254,1176801,"Analog/Mixed Signal IC Designer (level 2/3),[""United States-Maryland-Baltimore""],Jan 3, 2017",False,[1]
False,0,False,False,False,17000113,1178420,"Computer Systems Analyst 2/3,[""United States-Maryland-Baltimore""],Jan 3, 2017",False,[1]
False,0,False,False,False,16030636,1177510,"Quality Analyst 3,[""Multiple Locations""],Jan 3, 2017",False,[1]
False,0,False,False,False,17000104,1178381,"Aircraft Mechanic 4,[""United States-Virginia-Dulles""],Jan 3, 2017",False,[1]
False,0,False,False,False,16025937,1169979,"Mobile Software Engineer 2,[""United States-Nebraska-Omaha""],Jan 3, 2017",False,[1]
False,0,False,False,False,16007068,1106870,"Site Manager OCONUS,[""Multiple Locations""],Jan 3, 2017",False,[1]
False,0,False,False,False,16025995,1170062,"Software Engineer 2-TS/SCI,[""United States-Maryland-Suitland""],Jan 3, 2017",False,[1]
False,0,False,False,False,16026197,1170382,"Data Acquisition Engineer 1,[""United States-California-Palmdale""],Jan 2, 2017",False,[1]
False,0,False,False,False,16022237,1164900,"Human Resources Assistant 3,[""United States-Texas-Irving""],Jan 2, 2017",False,[1]
False,0,False,False,False,16030546,1177298,"SCA Warehouse Specialist,[""United States-Georgia-Warner Robins""],Jan 2, 2017",False,[1]
False,0,False,False,False,16030720,1177632,"Cross Domain Solutions Engineer,[""United States-Virginia-Fairfax""],Dec 30, 2016",False,[1]
False,0,False,False,False,16030714,1177630,"Cross Domain Solutions Security Engineer,[""United States-Virginia-Fairfax""],Dec 30, 2016",False,[1]
False,0,False,False,False,16029805,1176085,"ARBiz Software Analyst  - Senior / Lead (Surge),[""United States-Virginia-Fort Lee""],Dec 30, 2016",False,[1]
False,0,False,False,False,16029518,1175674,"SATCOM Computer Systems Architect 4,[""United States-Maryland-Aberdeen""],Dec 30, 2016",False,[1]
False,0,False,False,False,16029390,1175522,"SATCOM Engineer Info Assurance 3,[""United States-Maryland-Aberdeen""],Dec 30, 2016",False,[1]
False,0,False,False,False,16030717,1177631,"Cross Domain Solutions Senior Engineer,[""United States-Virginia-Fairfax""],Dec 30, 2016",False,[1]
False,0,False,False,False,16029423,1175493,"SATCOM Engineer Network 3,[""United States-Maryland-Aberdeen""],Dec 30, 2016",False,[1]
False,0,False,False,False,16029396,1175487,"SATCOM Engineer Network 4,[""United States-Maryland-Aberdeen""],Dec 30, 2016",False,[1]
False,0,False,False,False,16029508,1175645,"SATCOM Engineer Software 3,[""United States-Maryland-Aberdeen""],Dec 30, 2016",False,[1]
False,0,False,False,False,16030095,1176563,"Expeditor [ warehouse ] shipping/receiving  1,[""Multiple Locations""],Dec 30, 2016",False,[1]
False,0,False,False,False,16029432,1175516,"SATCOM Software Configuration Analyst 2,[""United States-Maryland-Aberdeen""],Dec 30, 2016",False,[1]
False,0,False,False,False,16029538,1175658,"SATCOM Systems Administrator 2,[""United States-Maryland-Aberdeen""],Dec 30, 2016",False,[1]
False,0,False,False,False,16029543,1175724,"SATCOM Systems Administrator 3,[""United States-Maryland-Aberdeen""],Dec 30, 2016",False,[1]
False,0,False,False,False,16029504,1175666,"SATCOM Software Development Analyst 3,[""United States-Maryland-Aberdeen""],Dec 30, 2016",False,[1]
False,0,False,False,False,16029506,1175685,"SATCOM Quality Analyst 2,[""United States-Maryland-Aberdeen""],Dec 30, 2016",False,[1]
False,0,False,False,False,16029503,1175705,"SATCOM Software Config Analyst 2,[""United States-Maryland-Aberdeen""],Dec 30, 2016",False,[1]
False,0,False,False,False,16030803,1178260,"Business Process Analyst,[""United States-Rhode Island-Providence""],Dec 30, 2016",False,[1]
False,0,False,False,False,16029943,1176366,"Engineer Quality 3,[""United States-Louisiana-Lake Charles""],Dec 30, 2016",False,[1]
False,0,False,False,False,16029667,1175868,"Supply Chain Planning Anlyst 2/3,[""United States-California-Sunnyvale""],Dec 29, 2016",False,[1]
False,0,False,False,False,16029678,1175892,"Mission Assurance/Quality Analyst 2- Iraq,[""Multiple Locations""],Dec 29, 2016",False,[1]
False,0,False,False,False,16030790,1178120,"SCA Collective Trainer,[""United States-Kansas-Fort Riley""],Dec 29, 2016",False,[1]
False,0,False,False,False,16030789,1178081,"Manager, Military Trainer,[""United States-Kansas-Fort Riley""],Dec 29, 2016",False,[1]
False,0,False,False,False,16029397,1175543,"Process Improvement Analyst 1,[""United States-Louisiana-Lake Charles""],Dec 29, 2016",False,[1]
False,0,False,False,False,16026286,1170467,"Field Technician 3,[""United States-Virginia-NAS Norfolk""],Dec 29, 2016",False,[1]
False,0,False,False,False,16027115,1171763,"Field Technician 3- Aviation Electricians Mate - AE,[""United States-Virginia-Norfolk""],Dec 29, 2016",False,[1]
False,0,False,False,False,16027119,1171785,"Logistics Support 3,[""United States-Virginia-Norfolk""],Dec 29, 2016",False,[1]
False,0,False,False,False,16027121,1171787,"Field Technician 3- Aircraft Mechanic – AME,[""United States-Virginia-Norfolk""],Dec 29, 2016",False,[1]
False,0,False,False,False,16027122,1171788,"Field Technician 3- Aircraft Avionics Technician – AT,[""United States-Virginia-Norfolk""],Dec 29, 2016",False,[1]
False,0,False,False,False,16027124,1171804,"Field Technician 3- Aircraft Records Coordinator,[""United States-Virginia-Norfolk""],Dec 29, 2016",False,[1]
False,0,False,False,False,16027126,1171806,"Field Technician 3- Quality Assurance Representative,[""United States-Virginia-Norfolk""],Dec 29, 2016",False,[1]
False,0,False,False,False,16026293,1170470,"Field Technician 3,[""Multiple Locations""],Dec 29, 2016",False,[1]
False,0,False,False,False,16029097,1175048,"Aircraft Structures Mechanic 3,[""Multiple Locations""],Dec 29, 2016",False,[1]
False,0,False,False,False,16027128,1171746,"Electrical Avionics Tech 3,[""United States-Virginia-Norfolk""],Dec 29, 2016",False,[1]
False,0,False,False,False,16026288,1170469,"Field Technician 3,[""Multiple Locations""],Dec 29, 2016",False,[1]
False,0,False,False,False,16030768,1177961,"Systems Software Analyst 2,[""United States-Arizona-Fort Huachuca""],Dec 29, 2016",False,[1]
False,0,False,False,False,16030524,1177332,".NET Developer,[""United States-Georgia-Atlanta""],Dec 29, 2016",False,[1]
False,0,False,False,False,16023684,1166884,"Project Manager,[""United States-California-San Diego""],Dec 28, 2016",False,[1]
False,0,False,False,False,16019973,1161738,"Engineer Network 2,[""United States-Arizona-Fort Huachuca""],Dec 28, 2016",False,[1]
False,0,False,False,False,16020198,1162165,"Engineer Software 3,[""United States-Arizona-Sierra Vista""],Dec 28, 2016",False,[1]
False,0,False,False,False,16030734,1177760,"Cybersecurity Analyst- Health IT,[""United States-Maryland-Woodlawn""],Dec 28, 2016",False,[1]
False,0,False,False,False,16029290,1175350,"User Applications Liaison 2/3 - Help Desk Support,[""United States-Virginia-Springfield""],Dec 28, 2016",False,[1]
False,0,False,False,False,16016828,1157361,"2017 Technical College Intern - Software Engineer,[""Multiple Locations""],Dec 28, 2016",False,[1]
False,0,False,False,False,16026632,1170957,"Systems Engineer 4,[""United States-Colorado-Aurora""],Dec 28, 2016",False,[1]
False,0,False,False,False,16027912,1173083,"Engineer Quality 3,[""United States-Alabama-Huntsville""],Dec 28, 2016",False,[1]
False,0,False,False,False,16030466,1177222,"Property Control Support 4,[""United States-California-Edwards AFB""],Dec 27, 2016",False,[1]
False,0,False,False,False,16028358,1173692,"PC Network Support Tech 3/4 (Top Secret),[""United States-California-Palmdale""],Dec 27, 2016",False,[1]
False,0,False,False,False,16020263,1162265,"Engineer 3,[""United States-California-Palmdale""],Dec 27, 2016",False,[1]
False,0,False,False,False,16030259,1176820,"Systems Administrator 2,[""United States-California-San Diego""],Dec 27, 2016",False,[1]
False,0,False,False,False,16030662,1177551,"Systems Engineer 1 - Operations Crew Engr 1 (Alice Springs, AU),[""Multiple Locations""],Dec 27, 2016",False,[1]
False,0,False,False,False,16030758,1177821,"Technical Services Proj Mgmt 4,[""United States-Virginia-Springfield""],Dec 27, 2016",False,[1]
False,0,False,False,False,16030123,1176607,"Data Management Analyst 1,[""United States-California-Fort Irwin""],Dec 27, 2016",False,[1]
False,0,False,False,False,16024450,1168039,"Microcircuit Device Test Engineer 1,[""United States-Maryland-Baltimore""],Dec 27, 2016",False,[1]
False,0,False,False,False,16025543,1169316,"Computer Systems Analyst 4,[""United States""],Dec 27, 2016",False,[1]
False,0,False,False,False,16024618,1168198,"Engineer 4 - Active SECRET clearance is Required,[""United States-California-Palmdale""],Dec 27, 2016",False,[1]
False,0,True,False,False,16023777,1166983,"Survivability Systems  Engineer 5 - Product Development,[""Multiple Locations""],Dec 26, 2016",False,[1]
False,0,True,False,False,16023766,1166928,"Survivability Systems  Engineer 4 - Product Development,[""Multiple Locations""],Dec 26, 2016",False,[1]
False,0,False,False,False,16023256,1166195,"Survivability Systems Engineer 2 - Product Development,[""United States-California-Redondo Beach""],Dec 26, 2016",False,[1]
False,0,True,False,False,16022660,1165396,"Survivability Systems Engineer,[""Multiple Locations""],Dec 26, 2016",False,[1]
False,0,True,False,False,16022658,1165393,"Survivability Systems Engineer,[""Multiple Locations""],Dec 26, 2016",False,[1]
False,0,False,False,False,16022597,1165255,"System Survivability - Engineer Systems 2 (San Diego),[""United States-California-San Diego""],Dec 26, 2016",False,[1]
False,0,False,False,False,16021397,1163638,"System Survivability - Systems Engineer Project Lead 3,[""Multiple Locations""],Dec 26, 2016",False,[1]
False,0,False,False,False,16018406,1159587,"System Survivability - High Performance Computing Engineer 3,[""United States-California-Redondo Beach""],Dec 26, 2016",False,[1]
False,0,False,False,False,16017031,1157656,"System Survivability  - Engineer Systems 5 (Palmdale),[""United States-California-Palmdale""],Dec 26, 2016",False,[1]
False,0,False,False,False,16023841,1167044,"Computer Systems Analyst 3 - SharePoint Development,[""United States-California-San Diego""],Dec 26, 2016",False,[1]
False,0,False,False,False,16027202,1171980,"Engineer Electronics 3 -- Electronics Component Parts,[""United States-California-Manhattan Beach""],Dec 26, 2016",False,[1]
False,0,False,False,False,16026147,1170287,"Engineer 5 - Active Clearance Required,[""United States-California-Palmdale""],Dec 26, 2016",False,[1]
False,0,False,False,False,16026913,1171398,"Project Engineer 5 - Palmdale (Active SECRET clearance required),[""United States-California-Palmdale""],Dec 26, 2016",False,[1]
False,0,False,False,False,16026795,1171228,"Engineer 4 - Palmdale  (Active SECRET clearance is required),[""United States-California-Palmdale""],Dec 26, 2016",False,[1]
False,0,False,False,False,16023993,1167299,"Software Config Analyst 3,[""United States-California-San Diego""],Dec 26, 2016",False,[1]
False,0,False,False,False,16023254,1166224,"Procurement Plng Control Rep 3,[""United States-California-Redondo Beach""],Dec 26, 2016",False,[1]
False,0,False,False,False,16022908,1165738,"Change Integration Project Engineer 3,[""United States-California-San Diego""],Dec 26, 2016",False,[1]
False,0,False,False,False,16021614,1164021,"Engineer 4,[""United States-California-Palmdale""],Dec 26, 2016",False,[1]
False,0,False,False,False,16030104,1176592,"Financial Analyst 2,[""United States-Illinois-Rolling Meadows""],Dec 24, 2016",False,[1]
False,0,False,False,False,16030026,1176481,"Mgr Industrial Security 3,[""United States-California-Azusa""],Dec 23, 2016",False,[1]
False,0,False,False,False,16030755,1177764,"Cyber Systems Administrator 2-15972,[""United States-Colorado-Schriever AFB""],Dec 23, 2016",False,[1]
False,0,False,False,False,16030747,1177781,"Engineer Systems 3/4,[""Multiple Locations""],Dec 23, 2016",False,[1]
False,0,False,False,False,16025962,1169970,"Engineer Industrial 2,[""United States-Missouri-Whiteman AFB""],Dec 23, 2016",False,[1]
False,0,False,False,False,16030742,1177743,"Project Management 2/3,[""United States-California-Woodland Hills""],Dec 23, 2016",False,[1]
False,0,False,False,False,16030591,1177429,"Manufacturing Engineer 2 (2nd Shift),[""United States-California-San Diego""],Dec 23, 2016",False,[1]
False,0,False,False,False,16030622,1177502,"Production Controller 2 (2nd Shift),[""United States-California-San Diego""],Dec 23, 2016",False,[1]
False,0,False,False,False,16030743,1177725,"Engineer Process 1,[""United States-Illinois-Rolling Meadows""],Dec 23, 2016",False,[1]
False,0,False,False,False,16027634,1172585,"Pgm Cost Sched&Cntrol Anlyst 1,[""United States-California-Azusa""],Dec 23, 2016",False,[1]
False,0,False,False,False,16030745,1177744,"Engineer Info Assurance 4,[""United States-California-Redondo Beach""],Dec 23, 2016",False,[1]
False,0,False,False,False,16030163,1176649,"Software Engineer 5,[""United States-Ohio-Dayton""],Dec 23, 2016",False,[1]
False,0,False,False,False,16030724,1177657,"Systems Administrator 2 or 3,[""United States-Colorado-Colorado Springs""],Dec 23, 2016",False,[1]
False,0,False,False,False,16030730,1177700,"Sr HP Monitoring Applications Engineer 4-13460,[""United States-Colorado-Schriever AFB""],Dec 23, 2016",False,[1]
False,0,False,False,False,16030740,1177724,"Embedded Software Engineer - up to 5 years experience,[""United States-Illinois-Rolling Meadows""],Dec 23, 2016",False,[1]
False,0,False,False,False,16020756,1162791,"Mgr Systems Engineering 2,[""United States-California-Port Hueneme""],Dec 23, 2016",False,[1]
False,0,False,False,False,16030633,1177509,"Billing Analyst (New Grad),[""United States-Virginia-Herndon""],Dec 23, 2016",False,[1]
False,0,False,False,False,16030669,1177525,"BID & CONTRACT COORDINATOR 3,[""United States-California-Woodland Hills""],Dec 23, 2016",False,[1]
False,0,False,False,False,16030609,1177435,"Subcontracts Administrator 3 / 4,[""United States-California-San Diego""],Dec 23, 2016",False,[1]
False,0,False,False,False,16029975,1176386,"Manager, Contracts 3,[""United States-Maryland-Linthicum""],Dec 23, 2016",False,[1]
False,0,False,False,False,16027703,1172636,"Technical Services Proj Mgmt 2 / 3,[""United States-Texas-Austin""],Dec 23, 2016",False,[1]
False,0,False,False,False,16030522,1177311,"Cyber Incident Analyst Responder 3,[""United States-Virginia-Suffolk""],Dec 23, 2016",False,[1]
False,0,False,False,False,16030726,1177659,"Manager, Talent Acquisition - West,[""United States-California-El Segundo""],Dec 23, 2016",False,[1]
False,0,False,False,False,16030649,1177515,"Software Engineer 3,[""United States-Florida-Melbourne""],Dec 23, 2016",False,[1]
False,0,False,False,False,16030732,1177720,"SCHEDULER/Planning Analyst 3,[""United States-California-San Diego""],Dec 23, 2016",False,[1]
False,0,False,False,False,16021981,1164475,"Engineer Systems Test 6,[""United States-California-Port Hueneme""],Dec 22, 2016",False,[1]
False,0,False,False,False,16021862,1164295,"Information Sys Tech Analyst 3,[""United States-California-Port Hueneme""],Dec 22, 2016",False,[1]
False,0,False,False,False,16028420,1173842,"Electro-Mechanical Assembler Sr.,[""United States-Virginia-Charlottesville""],Dec 22, 2016",False,[1]
False,0,False,False,False,16020296,1162304,"Program Manager 3,[""United States-New York-Buffalo""],Dec 22, 2016",False,[1]
False,0,False,False,False,16020052,1161890,"Program Manager 2,[""United States-New York-Buffalo""],Dec 22, 2016",False,[1]
False,0,False,False,False,16012440,1151512,"FPGA Design Engineer / Electronics Engineer,[""United States-New York-Buffalo""],Dec 22, 2016",False,[1]
False,0,False,False,False,16023683,1166902,"Intellectual Property Manager 2,[""United States-Maryland-Linthicum""],Dec 22, 2016",False,[1]
False,0,False,False,False,16025242,1169007,"Operations Program Engineer 3,[""United States-New York-Buffalo""],Dec 22, 2016",False,[1]
False,0,False,False,False,16026473,1170770,"Engineer Test 2,[""United States-California-Carpinteria""],Dec 22, 2016",False,[1]
False,0,False,False,False,16030700,1177605,"C2BMC Development Spiral Lead (SW Engineer 5) (16-211),[""United States-Colorado-Colorado Springs""],Dec 22, 2016",False,[1]
False,0,False,False,False,16030411,1177137,"Manager of Strategic Sourcing - IT Software,[""United States-Texas-Irving""],Dec 22, 2016",False,[1]
False,0,False,False,False,16030691,1177603,"Computer Systems Security Analyst 2,[""United States-Maryland-Annapolis""],Dec 22, 2016",False,[1]
False,0,False,False,False,16030705,1177652,"Computer Systems Security Analyst 3,[""United States-Maryland-Linthicum""],Dec 22, 2016",False,[1]
False,0,False,False,False,16030702,1177668,"Computer Systems Security Analyst 3,[""United States-Maryland-Annapolis""],Dec 22, 2016",False,[1]
False,0,False,False,False,16030710,1177653,"Computer Systems Security Analyst 4,[""United States-Maryland-Linthicum""],Dec 22, 2016",False,[1]
False,0,False,False,False,16030651,1177522,"Information Systems Security Officer 2/3,[""United States-Oklahoma-Tinker AFB""],Dec 22, 2016",False,[1]
False,0,False,False,False,16030638,1177540,"Information Systems Security Officer,[""United States-Oklahoma-Tinker AFB""],Dec 22, 2016",False,[1]
False,0,False,False,False,16030707,1177651,"Attitude Control Systems Analyst 3 with SSBI,[""United States-California-Redondo Beach""],Dec 22, 2016",False,[1]
False,0,False,False,False,16030709,1177608,"Attitude Control Systems Analyst 2 with SSBI,[""United States-California-Redondo Beach""],Dec 22, 2016",False,[1]
False,0,False,False,False,16030712,1177629,"Attitude Control Systems Lead 4 with SSBI,[""United States-California-Redondo Beach""],Dec 22, 2016",False,[1]
False,0,False,False,False,16030618,1177438,"Software Engineer - 15095,[""United States-Colorado-Colorado Springs""],Dec 22, 2016",False,[1]
False,0,False,False,False,16026712,1171144,"Manager of Programs 1,[""United States-Illinois-Rolling Meadows""],Dec 22, 2016",False,[1]
False,0,False,False,False,16030711,1177609,"Talent Acquisition Business Partner 2/3 - Huntsville, AL,[""United States-Alabama-Huntsville""],Dec 22, 2016",False,[1]
False,0,False,False,False,16030167,1176650,"C-RAM Contractor Manning Operations Lead OFS/Afghanistan,[""Multiple Locations""],Dec 22, 2016",False,[1]
False,0,False,False,False,16030708,1177607,"Talent Acquisition Business Partner 4 - Rolling Meadows,[""United States-Illinois-Rolling Meadows""],Dec 22, 2016",False,[1]
False,0,False,False,False,16030553,1177317,"Mechanical CAD Domain Manager,[""United States-Maryland-Linthicum""],Dec 22, 2016",False,[1]
False,0,False,False,False,16029069,1174955,"Flight Operations 3-Hunter UAS Maintenance,[""Multiple Locations""],Dec 22, 2016",False,[1]
False,0,False,False,False,16030483,1177284,"Manager Pilot Engineering 1,[""United States-Maryland-Patuxent River""],Dec 22, 2016",False,[1]
False,0,False,False,False,16029583,1175747,"Senior Live, Virtual, Constructive (LVC) Mission Event Commander / Flight Simulation Trainer 5,[""Multiple Locations""],Dec 22, 2016",False,[1]
False,0,False,False,False,16030046,1176454,"DevOps Engineer- Health IT,[""United States-Maryland-Woodlawn""],Dec 22, 2016",False,[1]
False,0,False,False,False,16030538,1177336,"Engineer Systems 5,[""United States-Colorado-Aurora""],Dec 22, 2016",False,[1]
False,0,False,False,False,16029040,1174945,"Pricing Analyst 3,[""United States-Illinois-Rolling Meadows""],Dec 22, 2016",False,[1]
False,0,False,False,False,16030417,1177138,"RF Microwave Electrical Engineer 2/3 -MCM Design,[""United States-Maryland-Baltimore""],Dec 22, 2016",False,[1]
False,0,False,False,False,16030620,1177500,"Software Configuration Management Engineer 3,[""United States-Maryland-Linthicum""],Dec 22, 2016",False,[1]
False,0,False,False,False,16029005,1174871,"Modeling and Simulation (M&S) Systems Engineer 3/4,[""United States-Maryland-Linthicum""],Dec 22, 2016",False,[1]
False,0,False,False,False,16030485,1177322,"Embedded Software Engineer 4,[""United States-Maryland-Baltimore""],Dec 22, 2016",False,[1]
False,0,False,False,False,16030473,1177242,"Computer Systems Analyst 3 / SharePoint Developer,[""United States-California-Redondo Beach""],Dec 22, 2016",False,[1]
False,0,False,False,False,16030494,1177325,"Engineer Embedded Software 3,[""United States-Maryland-Baltimore""],Dec 22, 2016",False,[1]
False,0,False,False,False,16030645,1177513,"Test Program Set (TPS) - Design Engineer 3/4,[""Multiple Locations""],Dec 22, 2016",False,[1]
False,0,False,False,False,16030647,1177546,"Test Program Set (TPS) - Hardware Design Engineer 2,[""United States-Maryland-Baltimore""],Dec 22, 2016",False,[1]
False,0,False,False,False,16029228,1175234,"Microcircuit Device Test Engineer 3/4 - Embedded Software,[""United States-Maryland-Baltimore""],Dec 22, 2016",False,[1]
False,0,False,False,False,16029559,1175762,"Systems Engineer 2/3,[""United States-Alabama-Huntsville""],Dec 22, 2016",False,[1]
False,0,False,False,False,16030369,1177060,"Supply Chain Planning Anlyst 3/4,[""United States-Maryland-Baltimore""],Dec 22, 2016",False,[1]
False,0,False,False,False,16030581,1177444,"Network Engineer 3,[""United States-Virginia-Stafford""],Dec 22, 2016",False,[1]
False,0,False,False,False,16030159,1176633,"Engineer Supplier MA 3 - Quality Field Engineering (Wichita, KS metro area),[""United States-Kansas-McConnell AFB""],Dec 22, 2016",False,[1]
False,0,False,False,False,16030552,1177299,"Facilities Infrastructure Org Mgr 1,[""United States-Colorado-Schriever AFB""],Dec 22, 2016",False,[1]
False,0,False,False,False,16021244,1163458,"Computer Systems Analyst/Linux Systems Administrator 3,[""Multiple Locations""],Dec 22, 2016",False,[1]
False,0,False,False,False,16023491,1166451,"Financial/Cost Control Analyst 4,[""United States-Alabama-Huntsville""],Dec 22, 2016",False,[1]
False,0,False,False,False,16022615,1165380,"Subcontracts Administrator 3/4,[""United States-Virginia-Herndon""],Dec 22, 2016",False,[1]
False,0,False,False,False,16022617,1165381,"Subcontracts Administrator 4,[""United States-Virginia-Herndon""],Dec 22, 2016",False,[1]
False,0,False,False,False,16030595,1177448,"Senior Administrative Assistant,[""Multiple Locations""],Dec 22, 2016",False,[1]
False,0,False,False,False,16026574,1170942,"RF Test Engineer 2/3,[""United States-Maryland-Baltimore""],Dec 22, 2016",False,[1]
False,0,False,False,False,16030491,1177285,"Facilities Rep 2,[""United States-Virginia-Falls Church""],Dec 21, 2016",False,[1]
False,0,False,False,False,16030304,1176888,"PC Network Support Tech 3,[""United States-California-San Diego""],Dec 21, 2016",False,[1]
False,0,False,False,False,16028996,1174865,"Subcontracts Administrator 4,[""United States-California-Azusa""],Dec 21, 2016",False,[1]
False,0,False,False,False,16023559,1166620,"Engineer Systems 4,[""United States-California-Azusa""],Dec 21, 2016",False,[1]
False,0,False,False,False,16023563,1166553,"Engineer Systems 3,[""United States-California-Azusa""],Dec 21, 2016",False,[1]
False,0,False,False,False,16028716,1174291,"Mgr Mission Assurance 2,[""United States-California-Azusa""],Dec 21, 2016",False,[1]
False,0,False,False,False,16022702,1165479,"Engineer Electrical 4,[""United States-California-Azusa""],Dec 21, 2016",False,[1]
False,0,False,False,False,16030596,1177480,"Mgr Systems Engineering 3,[""United States-California-Redondo Beach""],Dec 21, 2016",False,[1]
False,0,False,False,False,16030567,1177345,"ACAS Application Engineer 3-16025,[""United States-Virginia-Dahlgren""],Dec 21, 2016",False,[1]
False,0,False,False,False,16030429,1177207,"Engineer Quality 2,[""United States-Illinois-Rolling Meadows""],Dec 21, 2016",False,[1]
False,0,False,False,False,16027599,1172513,"Property Administrator 3,[""United States-California-San Jose""],Dec 21, 2016",False,[1]
False,0,False,False,False,16030468,1177219,"Engineering Technician 1,[""United States-California-San Diego""],Dec 21, 2016",False,[1]
False,0,False,False,False,16029676,1175904,"C2BMC Software Integrator 3 (15-192),[""United States-Colorado-Colorado Springs""],Dec 21, 2016",False,[1]
False,0,False,False,False,16030378,1177083,"Contract Administrator 3/4,[""United States-Virginia-Charlottesville""],Dec 21, 2016",False,[1]
False,0,False,False,False,16030512,1177290,"Programmer Analyst 4,[""United States-x-Unspecified-Virtual Posting""],Dec 21, 2016",False,[1]
False,0,False,False,False,16030654,1177548,"Sr. Learning and Development Consultant,[""United States-California-Redondo Beach""],Dec 21, 2016",False,[1]
False,0,False,False,False,16030554,1177318,"Program Manager 2 - Cyber Resilience Product Development Manager for AC&T,[""United States-Maryland-Baltimore""],Dec 21, 2016",False,[1]
False,0,False,False,False,16024621,1168259,"Systems Administrator 3/ Windows,[""United States-California-Redondo Beach""],Dec 21, 2016",False,[1]
False,0,False,False,False,16028464,1173901,"Manager 2 - Program Planning & Scheduling (MD/CO),[""Multiple Locations""],Dec 21, 2016",False,[1]
False,0,False,False,False,16029686,1175910,"Business Mangement Analyst 2,[""United States-California-Woodland Hills""],Dec 21, 2016",False,[1]
False,0,False,False,False,16030120,1176572,"Journeyman Machinist,[""United States-California-Azusa""],Dec 21, 2016",False,[1]
False,0,False,False,False,16030631,1177488,"Financial/Cost Control Analyst 2/3,[""United States-Alabama-Huntsville""],Dec 21, 2016",False,[1]
False,0,False,False,False,16030490,1177286,"Engineer Systems 4,[""United States-Florida-Orlando""],Dec 21, 2016",False,[1]
False,0,False,False,False,16030212,1176710,"Engineer Network 4,[""United States-Florida-Orlando""],Dec 21, 2016",False,[1]
False,0,False,False,False,16030158,1176579,"Industrial Security Analyst 4,[""United States-Maryland-Middle River""],Dec 21, 2016",False,[1]
False,0,False,False,False,16030571,1177420,"Quality of Service (QOS) Engineer 4,[""United States-Virginia-Springfield""],Dec 21, 2016",False,[1]
False,0,False,False,False,16027300,1172102,"Engineer Systems Test 3,[""United States-California-Azusa""],Dec 21, 2016",False,[1]
False,0,False,False,False,16030412,1177185,"Mgr Software Engineering 2,[""United States-California-San Diego""],Dec 21, 2016",False,[1]
False,0,False,False,False,16030615,1177483,"Production Operator 1 - Welder / Crucible Cleaner,[""United States-North Carolina-Charlotte""],Dec 21, 2016",False,[1]
False,0,False,False,False,16030245,1176775,"Contract Administrator 2/3,[""United States-Maryland-Linthicum""],Dec 21, 2016",False,[1]
False,0,False,False,False,16030449,1177212,"Help Desk -Computer Operation Analyst - PART TIME,[""United States-North Carolina-Raleigh""],Dec 21, 2016",False,[1]
False,0,False,False,False,16030560,1177402,"User Experience Specialist,[""United States-Maryland-Woodlawn""],Dec 21, 2016",False,[1]
False,0,False,False,False,16030497,1177305,"Facilities Coordinator II,[""United States-Virginia-Chester""],Dec 21, 2016",False,[1]
False,0,False,False,False,16029822,1176101,"Administrative Assistant 3,[""United States-Colorado-Aurora""],Dec 21, 2016",False,[1]
False,0,False,False,False,16021637,1164046,"Systems Engineer 4,[""United States-New York-Buffalo""],Dec 21, 2016",False,[1]
False,0,False,False,False,16018675,1159946,"Jr. / Mid-level PeopleSoft developer,[""United States-District of Columbia-Washington""],Dec 21, 2016",False,[1]
False,0,False,False,False,16030420,1177200,"Manufacturing Engineering Mgr 1,[""United States-California-San Diego""],Dec 21, 2016",False,[1]
False,0,False,False,False,16030080,1176580,"LCS Class Mission Module Maintenance Administrator/Planner 2,[""United States-California-San Diego""],Dec 21, 2016",False,[1]
False,0,False,False,False,16029814,1176036,"Computer Systems Analyst 3,[""United States-Maryland-Baltimore""],Dec 21, 2016",False,[1]
False,0,False,False,False,16027576,1172488,"SAP Business Partner - MRP 3/4,[""United States-Maryland-Baltimore""],Dec 21, 2016",False,[1]
False,0,False,False,False,16030409,1177091,"Mgr Electronics Engineering 2,[""United States-California-Redondo Beach""],Dec 21, 2016",False,[1]
False,0,False,False,False,16029180,1175126,"Linux/SAS Administrator,[""United States-California-Monterey""],Dec 21, 2016",False,[1]
False,0,False,False,False,16030447,1177192,"Data Scientist 5,[""United States-California-Monterey""],Dec 21, 2016",False,[1]
False,0,False,False,False,16030154,1176648,"Quality Assurance Audit Analyst - Health IT,[""United States-Maryland-Woodlawn""],Dec 21, 2016",False,[1]
False,0,False,False,False,16026630,1170955,"Strategic Planner 4 (San Diego, CA),[""United States-California-San Diego""],Dec 21, 2016",False,[1]
False,0,False,False,False,16030205,1176763,"Supervisor - General Manufacturing 1 - Second Shift,[""United States-Maryland-Baltimore""],Dec 21, 2016",False,[1]
False,0,False,False,False,16030044,1176457,"System Administrator 3/4,[""United States-Virginia-Fairfax""],Dec 21, 2016",False,[1]
False,0,False,False,False,16030042,1176484,"System Administrator 3/4,[""United States-Virginia-Fairfax""],Dec 21, 2016",False,[1]
False,0,False,False,False,16029156,1175103,"Business Process Analyst 3,[""United States-Arkansas-Little Rock""],Dec 20, 2016",False,[1]
False,0,False,False,False,16028395,1173729,"Learning and Development Coordinator,[""United States-California-Redondo Beach""],Dec 20, 2016",False,[1]
False,0,False,False,False,16030155,1176646,"Contract Administrator 4,[""Multiple Locations""],Dec 20, 2016",False,[1]
False,0,False,False,False,16030424,1177206,"Engineer Material Process 3 - Additive Manufacturing (Active SECRET clearance is required),[""United States-California-El Segundo""],Dec 20, 2016",False,[1]
False,0,False,False,False,16030088,1176584,"Program Manager 3- Advanced Electronic Warfare Systems,[""United States-California-San Diego""],Dec 20, 2016",False,[1]
False,0,False,False,False,16029308,1175375,"Engineer Operations Program 3,[""United States-Illinois-Rolling Meadows""],Dec 20, 2016",False,[1]
False,0,False,False,False,16030431,1177187,"CCC Computer Operations Support Analyst 1 - (Sys Admin 16-137),[""United States-Colorado-Schriever AFB""],Dec 20, 2016",False,[1]
False,0,False,False,False,16030416,1177139,"CCC Network Monitoring Analyst 2 - (16-239),[""United States-Colorado-Schriever AFB""],Dec 20, 2016",False,[1]
False,0,False,False,False,16030518,1177293,"Assembler 1 (On-Call),[""United States-California-San Diego""],Dec 20, 2016",False,[1]
False,0,False,False,False,16024570,1168188,"Logistics Planner 1(Palmdale CA),[""United States-California-Palmdale""],Dec 20, 2016",False,[1]
False,0,False,False,False,16030314,1176924,"Environmental, Health, and Safety Engineer/Auditor 3,[""United States-Virginia-Falls Church""],Dec 20, 2016",False,[1]
False,0,False,False,False,16027857,1172987,"Engineer Process 1,[""United States-Illinois-Rolling Meadows""],Dec 20, 2016",False,[1]
False,0,False,False,False,16025289,1169033,"Engineer Mechanical 4,[""United States-California-Azusa""],Dec 20, 2016",False,[1]
False,0,False,False,False,16019227,1160763,"Budget Analyst 1,[""United States-California-Azusa""],Dec 20, 2016",False,[1]
False,0,False,False,False,16030421,1177093,"Systems Engineer 15353,[""United States-Colorado-Schriever AFB""],Dec 20, 2016",False,[1]
False,0,False,False,False,16030121,1176640,"Traffic Control Center Operator I - Part-time,[""United States-Kentucky-Louisville""],Dec 20, 2016",False,[1]
False,0,False,False,False,16027382,1172231,"Contract Administrator 4,[""Multiple Locations""],Dec 20, 2016",False,[1]
False,0,False,False,False,16021253,1163524,"Contract Administrator 3/4,[""United States-California-Sunnyvale""],Dec 20, 2016",False,[1]
False,0,False,False,False,16029714,1175922,"Network Communications 2/3,[""United States-Alabama-Huntsville""],Dec 20, 2016",False,[1]
False,0,False,False,False,16030492,1177324,"Intelligence Analyst 2/3 - TS/SCI w/poly required,[""United States-Virginia-McLean""],Dec 20, 2016",False,[1]
False,0,False,False,False,16030493,1177303,"Intelligence Analyst 3/4,[""United States-Virginia-McLean""],Dec 20, 2016",False,[1]
False,0,False,False,False,16028174,1173466,"Procurement Analyst 2/3,[""United States-Maryland-Linthicum""],Dec 20, 2016",False,[1]
False,0,False,False,False,16030128,1176576,"Software Test Engineer 2/3,[""United States-Florida-Melbourne""],Dec 20, 2016",False,[1]
False,0,False,False,False,16028929,1174782,"Mechanical Microelectronics Packging Engineer 2/3,[""Multiple Locations""],Dec 20, 2016",False,[1]
False,0,False,False,False,16030341,1176960,"Test Engineering Project Lead 3/4,[""United States-Maryland-Linthicum""],Dec 20, 2016",False,[1]
False,0,False,False,False,16026259,1170460,"Security Forces - Administration and Instructions [ Air Force Base] Saudi Arabia,[""Multiple Locations""],Dec 20, 2016",False,[1]
False,0,False,False,False,16030516,1177329,"Production Test Technician 2 - 2nd Shift,[""United States-California-San Diego""],Dec 20, 2016",False,[1]
False,0,False,False,False,16030394,1177142,"Embedded Software Engineer 2,[""United States-Maryland-Baltimore""],Dec 20, 2016",False,[1]
False,0,False,False,False,16030392,1177128,"Embedded Software Engineer 3,[""United States-Maryland-Baltimore""],Dec 20, 2016",False,[1]
False,0,False,False,False,16030376,1177121,"Embedded Software Engineer 5,[""United States-Maryland-Baltimore""],Dec 20, 2016",False,[1]
False,0,False,False,False,16029454,1175584,"RF Software Test Engineer 2/3,[""United States-Maryland-Baltimore""],Dec 20, 2016",False,[1]
False,0,False,False,False,16029535,1175654,"Intelligence Analyst 4 - TS/SCI w/polygraph required.,[""United States-Virginia-McLean""],Dec 20, 2016",False,[1]
False,0,False,False,False,16029572,1175694,"Cyber Intelligence Analyst 4,[""United States-Virginia-McLean""],Dec 20, 2016",False,[1]
False,0,False,False,False,16024309,1167861,"International Trade Compliance Analyst 4,[""United States-California-Redondo Beach""],Dec 20, 2016",False,[1]
False,0,False,False,False,16028913,1174730,"Facility Carpenter/ Maintenance,[""United States-California-Sunnyvale""],Dec 20, 2016",False,[1]
False,0,False,False,False,16029470,1175534,"Army Business Program Manager,[""United States-Virginia-Fort Lee""],Dec 20, 2016",False,[1]
False,0,False,False,False,16029436,1175517,"Engineer Systems 3/4,[""United States-Maryland-Baltimore""],Dec 20, 2016",False,[1]
False,0,False,False,False,16026735,1171118,"Cloud Systems Architect IV-15133,[""Multiple Locations""],Dec 20, 2016",False,[1]
False,0,False,False,False,16029809,1176088,"Procurement Analyst 2,[""United States-Maryland-Annapolis""],Dec 20, 2016",False,[1]
False,0,False,False,False,16030422,1177202,"Flight Test Systems Engineer 2/3,[""United States-Maryland-Baltimore""],Dec 20, 2016",False,[1]
False,0,False,False,False,16026290,1170504,"Field Technician 3,[""Multiple Locations""],Dec 20, 2016",False,[1]
False,0,False,False,False,16030426,1177148,"Pilot Unmanned Aerial Veh 4,[""United States-Maryland-Patuxent River""],Dec 20, 2016",False,[1]
False,0,False,False,False,16030286,1176920,"Legal Administrative Assistant 4,[""United States-Virginia-Falls Church""],Dec 20, 2016",False,[1]
False,0,False,False,False,16028510,1173988,"Mgr Project Management 1- E2/C2,[""United States-Virginia-Norfolk""],Dec 20, 2016",False,[1]
False,0,False,False,False,16027120,1171803,"Field Technician 3- Aircraft Mechanic 3 – AF,[""United States-Virginia-Norfolk""],Dec 20, 2016",False,[1]
False,0,False,False,False,16027110,1171762,"Field Technician 3- Aircraft Engine Mechanic- AD,[""United States-Virginia-Norfolk""],Dec 20, 2016",False,[1]
False,0,False,False,False,16030247,1176780,"C2BMC Algorithm Systems Engineer 3 (16-118),[""United States-Alabama-Huntsville""],Dec 20, 2016",False,[1]
False,0,False,False,False,16030390,1177163,"Mission Architect,[""United States-Virginia-McLean""],Dec 20, 2016",False,[1]
False,0,False,False,False,16030244,1176715,"Field Engineer 2,[""United States-Alabama-Huntsville""],Dec 20, 2016",False,[1]
False,0,False,False,False,16029512,1175644,"Software Configuration Analyst 3,[""United States-Arizona-Sierra Vista""],Dec 20, 2016",False,[1]
False,0,False,False,False,16029061,1174917,"Mgr Mission Assurance 2,[""United States-Maryland-Baltimore""],Dec 20, 2016",False,[1]
False,0,False,False,False,16026708,1171143,"Cyber Info Assurance Analyst 4,[""United States-Virginia-Newport News""],Dec 20, 2016",False,[1]
False,0,False,False,False,16025898,1169925,"Program Manager 1,[""United States-Maryland-Lanham""],Dec 20, 2016",False,[1]
False,0,False,False,False,16030452,1177214,"Engineer Systems 3,[""United States-Nebraska-Bellevue""],Dec 20, 2016",False,[1]
False,0,False,False,False,16021266,1163509,"Contract Administrator 3,[""United States-California-Azusa""],Dec 20, 2016",False,[1]
False,0,False,False,False,16028883,1174763,"Engineer Systems 2,[""United States-Georgia-Kings Bay""],Dec 19, 2016",False,[1]
False,0,False,False,False,16030448,1177193,"Mgr Mechanical Engineering 2,[""United States-Florida-Melbourne""],Dec 19, 2016",False,[1]
False,0,False,False,False,16029865,1176260,"Physicist (level 3/4) for Superconducting Electronics,[""United States-Maryland-Baltimore""],Dec 19, 2016",False,[1]
False,0,False,False,False,16029885,1176300,"Engineer Circuit Design (level 3/4) for Superconducting Circuits,[""United States-Maryland-Baltimore""],Dec 19, 2016",False,[1]
False,0,False,False,False,16029850,1176110,"Engineer Systems Architect 4,[""United States-California-Azusa""],Dec 19, 2016",False,[1]
False,0,False,False,False,16030189,1176704,"Physicist - Quantum Device Theorist (level 3/4),[""United States-Maryland-Baltimore""],Dec 19, 2016",False,[1]
False,0,False,False,False,16027241,1171895,"Director, Legislative Affairs - Corporate,[""United States-Virginia-Falls Church""],Dec 19, 2016",False,[1]
False,0,False,False,False,16030441,1177190,"Cyber Systems Engineer 2 or 3,[""United States-California-San Diego""],Dec 19, 2016",False,[1]
False,0,False,False,False,16030450,1177194,"Systems Engineer Architect 3 or 4,[""United States-California-San Diego""],Dec 19, 2016",False,[1]
False,0,False,False,False,16030451,1177213,"Systems Architect 4,[""United States-California-El Segundo""],Dec 19, 2016",False,[1]
False,0,False,False,False,16030444,1177210,"Mgr Mechanical Engineering 2,[""United States-Florida-Melbourne""],Dec 19, 2016",False,[1]
False,0,False,False,False,16026056,1170130,"Mid-level Node.js Developer- Health IT,[""United States-Maryland-Woodlawn""],Dec 19, 2016",False,[1]
False,0,False,False,False,16030430,1177094,"Cyber Systems Engineer 4,[""United States-California-San Diego""],Dec 19, 2016",False,[1]
False,0,False,False,False,16030440,1177189,"Engineer Systems Modeling Simulation 4,[""United States-California-San Diego""],Dec 19, 2016",False,[1]
